{
    "allium":  {
                   "name":  "allium",
                   "port":  6433,
                   "coins":  1,
                   "fees":  1.75,
                   "hashrate":  5382930,
                   "workers":  4,
                   "estimate_current":  "0.00002545",
                   "estimate_last24h":  "0.00002971",
                   "actual_last24h":  0.030794799999999997,
                   "mbtc_mh_factor":  1,
                   "hashrate_last24h":  28144499.9688
               },
    "bitcore":  {
                    "name":  "bitcore",
                    "port":  3556,
                    "coins":  1,
                    "fees":  1.75,
                    "hashrate":  604818682,
                    "workers":  26,
                    "estimate_current":  "0.00000797",
                    "estimate_last24h":  "0.00000780",
                    "actual_last24h":  0.0077448000000000005,
                    "mbtc_mh_factor":  1,
                    "hashrate_last24h":  777531617.5729
                },
    "blake2s":  {
                    "name":  "blake2s",
                    "port":  5766,
                    "coins":  4,
                    "fees":  1.75,
                    "hashrate":  15716038043399,
                    "workers":  3391,
                    "estimate_current":  "0.00000972",
                    "estimate_last24h":  "0.00000821",
                    "actual_last24h":  0.00681,
                    "mbtc_mh_factor":  1000,
                    "hashrate_last24h":  16760000816640
                },
    "blakecoin":  {
                      "name":  "blakecoin",
                      "port":  5743,
                      "coins":  1,
                      "fees":  1.75,
                      "hashrate":  938249922,
                      "workers":  3,
                      "estimate_current":  "0.00000024",
                      "estimate_last24h":  "0.00000046",
                      "actual_last24h":  0,
                      "mbtc_mh_factor":  1000,
                      "hashrate_last24h":  10553173687.406
                  },
    "c11":  {
                "name":  "c11",
                "port":  3573,
                "coins":  9,
                "fees":  1.75,
                "hashrate":  1226204688,
                "workers":  26,
                "estimate_current":  "0.00000657",
                "estimate_last24h":  "0.00000791",
                "actual_last24h":  0.007976,
                "mbtc_mh_factor":  1,
                "hashrate_last24h":  1359942257.3229
            },
    "equihash":  {
                     "name":  "equihash",
                     "port":  2142,
                     "coins":  6,
                     "fees":  1.75,
                     "hashrate":  1271818.588,
                     "workers":  54,
                     "estimate_current":  "0.00005560",
                     "estimate_last24h":  "0.00004516",
                     "actual_last24h":  0.049306399999999993,
                     "mbtc_mh_factor":  0.75,
                     "hashrate_last24h":  1282963.3407916
                 },
    "hmq1725":  {
                    "name":  "hmq1725",
                    "port":  3747,
                    "coins":  3,
                    "fees":  1.75,
                    "hashrate":  429741466,
                    "workers":  54,
                    "estimate_current":  "0.00003320",
                    "estimate_last24h":  "0.00003528",
                    "actual_last24h":  0.0353602,
                    "mbtc_mh_factor":  1,
                    "hashrate_last24h":  597120278.7604
                },
    "hsr":  {
                "name":  "hsr",
                "port":  7433,
                "coins":  1,
                "fees":  1.75,
                "hashrate":  1478066151,
                "workers":  48,
                "estimate_current":  "0.00001211",
                "estimate_last24h":  "0.00001592",
                "actual_last24h":  0.014159999999999999,
                "mbtc_mh_factor":  1,
                "hashrate_last24h":  2419541918.4688
            },
    "keccak":  {
                   "name":  "keccak",
                   "port":  5133,
                   "coins":  1,
                   "fees":  1.75,
                   "hashrate":  27880637036,
                   "workers":  67,
                   "estimate_current":  "0.00007850",
                   "estimate_last24h":  "0.00007985",
                   "actual_last24h":  0.074980399999999989,
                   "mbtc_mh_factor":  1000,
                   "hashrate_last24h":  48664181827.438
               },
    "keccakc":  {
                    "name":  "keccakc",
                    "port":  5134,
                    "coins":  1,
                    "fees":  1.75,
                    "hashrate":  144205531149,
                    "workers":  33,
                    "estimate_current":  "0.00015489",
                    "estimate_last24h":  "0.00011380",
                    "actual_last24h":  0.14923386735930738,
                    "mbtc_mh_factor":  1000,
                    "hashrate_last24h":  264584732654.39
                },
    "lyra2v2":  {
                    "name":  "lyra2v2",
                    "port":  4533,
                    "coins":  14,
                    "fees":  1.75,
                    "hashrate":  118693997098,
                    "workers":  833,
                    "estimate_current":  "0.00000437",
                    "estimate_last24h":  "0.00000476",
                    "actual_last24h":  0.0050836,
                    "mbtc_mh_factor":  1,
                    "hashrate_last24h":  103256566887.42
                },
    "lyra2z":  {
                   "name":  "lyra2z",
                   "port":  4553,
                   "coins":  6,
                   "fees":  1.75,
                   "hashrate":  2912204291,
                   "workers":  548,
                   "estimate_current":  "0.00008457",
                   "estimate_last24h":  "0.00008701",
                   "actual_last24h":  0.0872372,
                   "mbtc_mh_factor":  1,
                   "hashrate_last24h":  3877604818.0417
               },
    "m7m":  {
                "name":  "m7m",
                "port":  6033,
                "coins":  1,
                "fees":  1.75,
                "hashrate":  20720297,
                "workers":  753,
                "estimate_current":  "0.00015483",
                "estimate_last24h":  "0.00012495",
                "actual_last24h":  0.181554,
                "mbtc_mh_factor":  1,
                "hashrate_last24h":  18434415.5
            },
    "myr-gr":  {
                   "name":  "myr-gr",
                   "port":  5433,
                   "coins":  5,
                   "fees":  1.75,
                   "hashrate":  101506913476,
                   "workers":  59,
                   "estimate_current":  "0.00000006",
                   "estimate_last24h":  "0.00000008",
                   "actual_last24h":  7.48E-05,
                   "mbtc_mh_factor":  1,
                   "hashrate_last24h":  94307861093.438
               },
    "neoscrypt":  {
                      "name":  "neoscrypt",
                      "port":  4233,
                      "coins":  29,
                      "fees":  1.75,
                      "hashrate":  1379097145,
                      "workers":  996,
                      "estimate_current":  "0.00016636",
                      "estimate_last24h":  "0.00016092",
                      "actual_last24h":  0.15219320000000003,
                      "mbtc_mh_factor":  1,
                      "hashrate_last24h":  1932025248.5417
                  },
    "nist5":  {
                  "name":  "nist5",